12131A,12132A,12132B,12132D,12132E,12141A,12141C,12141H,12142A,12142B,12142D,12155A,12158A,12160E,12160F,12161A,12161B,12161D,12168,12274A,12274B,12274C,12142M,12143N,12151N,12152A,12152B,12152C,12153D,12153F,12153G,12153H,12153I,12139A,12142G thr,12143A 3rd,12155C,12156A,12156B,12277A,12277B,12281a,12281b,12281G,12281r,12281S,12284A,12284B,12285*1,12286*1,12287A,12287N,12292A,12292B,12292C,12292D,12292N,12293,12296A,12296B,12297A,12297B,12297C,12298B,12298b2,12298c,12298d,12302,12279d,12279G,12279N,12279N414,12279str,12280A,12280B,12280N,12279c
0,0,0,0,0,0,0.00,0,0,0,0,0,0,0,0,0,0,0.00,0,0,0,0,0,0,0,0,0,0,0,0,0,0,0,0,0,0,0,0,5.506340881,0,0,0,0,0,0,0,0,0,0,0,0,0,0,0,0,0,0,0,0,0,0,0,0,0,0,0,0,0,0,0,0,0,0,0,0,0,0
1.836794044,0.914157389,0.446415281,1.306210379,3.291839296,0.590465992,0.850053931,2.477753224,0.489026231,0.532375058,4.590508775,1.261451425,2.903949868,1.091428406,3.47138923,0.579588443,3.709061668,0.940564716,0.928848878,5.656167474,4.17848273,3.53864841,4.416030877,2.314293424,2.675011858,2.471341875,4.291728118,1.011480889,1.773965389,1.356085806,0.599744338,0.779477949,3.183682193,0.727757398,0.525406525,0.665951237,0.765582811,1.625256033,5.799051016,1.879123238,2.778562878,1.481603,0.66690487,5.697356893,1.61943152,6.298974398,0.613507842,0.483025517,1.738211886,1.759027305,1.770545252,0.93766554,3.185210002,1.73506749,1.45752518,2.345461168,2.119981021,2.795197528,0.373002347,0.773221282,0.595234471,0.739855218,1.568049327,1.757186702,0.984652648,1.336505306,0.501345337,2.443692499,1.256494911,1.272225477,1.316447615,1.110730759,0.508903201,0.909506268,1.551634,1.835390588,1.072558278
3.513301975,1.781600314,0.81855206,4.036083706,5.046872266,1.462036802,4.900551737,3.493724617,2.355316412,2.496439742,6.531901413,3.261155116,3.586028427,2.216061303,4.606407133,1.57197288,5.026223001,3.203633394,4.487574722,6.287242757,6.225471915,4.629414296,6.292410443,5.704836433,3.917149677,3.675843962,4.779069724,2.807004796,9.313703888,2.050535073,2.686426243,1.535664226,5.005682828,5.224209236,1.87092047,2.268217305,1.803886505,2.404566497,6.396735895,2.42221962,5.697012716,2.287040075,1.286394407,12.00871619,3.923608592,8.404144453,1.349089623,1.932102069,3.727265397,2.999737959,3.073847028,3.916518608,5.141412603,2.609432209,2.598353224,5.41704197,6.390931736,5.88559529,0.814396703,3.760959883,1.164589182,1.370175547,2.805861137,4.180860193,1.856442688,1.922502132,1.305661956,3.209065793,2.638827914,2.146492274,2.239489607,1.874004788,0.947338511,1.598802408,2.730511961,3.254568849,2.207426215
3.887661941,2.893815686,2.739298835,4.520425736,6.039636521,2.153047878,5.635048595,4.57432667,4.262499898,3.199773741,19.9629348,3.91731147,4.626709829,4.959848355,5.567222749,3.133261789,5.61749698,4.699551615,4.828685944,6.730828944,8.539383793,6.85770128,13.2217096,8.250280436,5.54461631,4.545487152,6.328322758,3.529138207,10.71496248,6.982426961,7.64956767,2.587629701,6.206067942,5.944799326,5.768380153,3.037041388,3.419721759,3.230201249,6.823028718,4.795225269,6.25029963,3.493039606,1.865807847,12.84717389,6.513372641,10.27460913,4.431691943,2.716438904,6.180941806,3.687437765,3.978326543,4.716829882,6.804860963,3.431335046,4.166109319,7.031953694,9.020075915,6.71304393,1.516867968,4.680992005,1.894804359,2.425365533,4.129016466,5.077347694,4.319006652,3.2998316,2.635128799,5.460776338,3.206199491,3.066921714,3.403633045,3.572225255,2.110153438,3.112156697,3.939530444,4.963798142,4.947427494
4.329879279,3.943296156,3.790436382,5.494203401,6.686185586,4.557485476,7.044393117,6.887709168,4.87288893,7.66979437,24.0717861,5.00922529,5.233538994,5.811366252,6.917210983,4.036499713,7.37167548,5.689636296,5.864849017,8.862925954,8.964524038,7.724901081,14.30204935,8.752054486,6.307175554,5.255233067,6.824593237,4.37283825,12.62146298,8.959784443,9.52856668,3.536911457,6.962013938,7.684180856,7.184746002,4.43893465,4.605096604,4.910218373,7.611244694,5.631165688,6.803586544,4.037215843,2.119687503,14.56932833,7.980891786,12.13840823,5.641866235,5.476350105,6.84358978,4.681096379,5.851131185,5.654401665,8.32260226,5.289360074,5.899459497,8.036289985,10.43161734,8.573801683,2.753613151,5.721022603,3.024075281,4.839090802,4.913978364,6.58120571,5.202279236,7.402538388,4.017667142,7.968921325,5.193938397,3.62087342,5.685160852,8.719930344,2.65997348,3.796400635,4.770970404,7.062197409,5.657798196
5.176009547,6.110521175,4.544832062,6.901162316,8.030392017,5.239527995,9.23030659,12.60692987,6.022166429,8.002528782,26.82196034,6.174452668,6.446230521,7.46591704,9.072574747,5.582068893,8.14401069,6.401855457,7.676813719,11.56229577,10.15472629,10.88553724,18.53942615,11.47796989,7.075982122,7.323352606,8.286368297,6.195320448,13.78640584,14.3014014,14.40474518,5.141198461,8.296130284,10.42939754,11.5177365,9.698917829,5.249347832,5.271829052,8.065582069,6.228495028,7.356873458,4.719850012,2.937239868,16.48646104,11.02494223,12.93699616,6.744192858,5.959375622,9.135487765,5.892039201,6.223563926,8.040521852,8.986568392,6.405377343,7.64767227,11.24138033,13.71078228,9.125000948,3.07875346,6.628700008,7.771945529,5.837476298,6.06137456,7.23701222,6.612963694,8.589841102,4.494692335,11.42980377,6.032160486,4.618946447,7.220341993,10.26621559,3.050104186,5.240561717,5.527113864,8.491189427,6.684689786
6.297406475,7.152842068,5.291412869,7.50041011,9.412929675,6.99315094,13.41309148,14.44227127,7.025683128,10.02162774,27.84705062,7.5490819,7.944128533,8.256635257,10.2587276,6.77744879,9.614640469,7.232935118,9.959315695,12.41095007,10.81806568,12.70267007,19.47738849,12.35930813,8.52196783,9.748712357,9.436944053,7.120476675,15.41208174,15.26503656,14.67711478,6.10943079,9.966122753,12.59730137,17.16545331,11.28578163,6.238458471,5.59359928,8.612411785,7.519490405,7.910160373,6.10086712,5.241856827,17.1005658,12.28894439,13.93619244,7.476427282,7.748502138,9.999637533,7.388396835,7.612472028,9.673959413,10.58093991,7.485217771,10.34882511,14.6883875,14.30386691,10.91450347,7.264517533,8.257945463,8.265690746,6.991259325,8.06849093,8.227186365,7.443828771,9.514338272,6.084261054,11.86171404,7.495486698,5.269882052,7.831019921,11.50410729,3.774767948,6.338866593,6.279421258,9.873184455,8.177178631
7.648764498,7.785578487,5.737977005,9.587590177,10.77702769,9.350260493,14.18902511,15.2029939,8.562067194,10.52206029,28.38364063,8.722251582,9.152630587,8.796030935,11.96697852,7.659590974,10.39531921,7.581147932,12.29381449,12.69883751,11.20107277,15.24074073,30.40547994,13.52821866,8.724735935,11.12408717,9.909549897,7.764205784,17.68974665,16.85992611,16.35974036,9.468941515,11.3213125,12.9852319,17.6070341,12.89993968,6.819715493,6.53102165,10.26375941,8.485994234,8.463447287,6.810311694,6.78918042,17.95069148,13.99438359,14.44892947,9.254710882,9.166858267,10.26364631,8.432052827,8.771376309,11.85550144,11.32007432,8.316847915,10.96809992,15.25355738,14.77522092,12.66913641,7.749816343,10.65752067,8.74898257,8.145391561,8.586947293,10.1946059,8.523384151,10.60784261,7.397342715,12.40543366,8.099216158,6.620739308,9.940236066,14.16389883,4.047831029,8.096154395,8.117883412,11.41874209,9.407033279
7.879937331,11.15667563,9.111992331,10.05994725,10.93383725,10.91154572,15.23786262,16.42471093,11.25901832,11.26199508,30.59627447,9.41483561,10.65777961,9.332718674,12.50052471,9.036802539,11.20707269,12.87582004,15.96453349,13.6003525,13.60242484,17.13145021,31.94069958,15.96611576,10.26612832,12.87033185,10.55455166,9.11284697,20.29737221,17.90785005,16.94783252,10.35310677,12.07366304,13.3860498,19.62745612,14.90094548,8.098650281,7.468444019,11.48459581,10.81703556,9.016734201,7.457698617,7.272024953,19.11953754,15.41216335,17.29269721,11.98374858,9.939699094,12.25854367,10.56034799,15.42786669,12.20680958,11.98136022,9.55166949,13.03672547,17.99068756,16.33888856,15.78844777,8.368188935,11.05182015,9.774125518,9.796446693,8.773071143,11.96706352,10.14634845,12.6701918,11.21117408,13.32859765,9.22369109,7.905387759,10.63712603,15.65436485,4.464197765,8.631907514,9.853648592,14.68595979,10.21888551
9.022203094,12.8822753,16.13815801,10.33178103,14.0222597,12.36601868,15.6086053,22.71178113,15.36446786,11.78811473,31.07850219,11.62279563,11.32567841,10.34748661,13.85541019,10.09995978,12.1519942,15.3577959,16.9288519,15.56055986,14.90902887,17.72922006,32.83254848,19.49838206,11.14368461,15.08235176,11.39680034,10.71145182,21.72958871,19.04804894,18.91884945,11.44122025,12.87265471,14.60621502,19.96356572,15.50958594,10.12310118,8.121202463,14.47364515,12.45719918,9.570021115,8.781251465,7.906386102,20.63166815,16.3707864,20.54421908,13.09590806,10.77610608,13.04657547,12.15502332,16.57155444,14.81485301,12.58246277,10.72834581,14.02756516,18.72898917,18.62982623,21.37970915,9.757795823,14.19228408,10.68580348,11.12483369,9.434648807,12.96285887,13.10609674,13.6776738,12.71995045,14.60585732,10.18366494,16.80983674,11.93862423,16.33581179,5.44326577,9.620381903,10.90900522,15.72981637,11.41799125
9.574554024,14.00129581,16.82757861,13.04921997,17.06588978,13.53457838,19.28941929,24.24750438,16.17687734,14.41917881,31.46911234,12.42993209,15.1064368,12.81796524,14.15732267,10.76781008,12.79687702,15.9201338,18.13640072,16.40788341,16.25792476,18.91219987,33.72667177,23.23113497,12.93782369,17.21374155,11.81214901,11.26144456,22.88593828,21.68808464,19.68994931,12.22403751,17.58530734,15.96214559,21.24790772,17.22890928,10.64466611,8.482735024,15.75853875,13.05111282,10.12330803,9.377079916,8.637316157,21.7795323,24.57353657,23.75446562,15.68875016,11.77722477,13.90162659,12.95257062,17.85788392,15.06134063,24.84207962,11.17853435,15.41610313,27.81083728,19.82281597,22.67919661,18.85084111,16.08676166,11.52958513,11.79112244,10.5662774,13.39091314,13.79308653,14.16561974,12.91399635,15.56281956,12.70545609,17.88992963,14.24105873,21.47344269,6.441371472,10.60248612,12.41405842,17.90247307,12.02688043
9.820267722,15.81231419,18.63221871,13.40846902,19.92084021,13.77678343,20.67088046,25.59058029,17.35632306,17.97750715,34.3617183,13.57484551,18.0860389,13.79630495,14.7783198,11.15597169,13.30261337,16.82061692,18.82088718,17.3536831,17.28721167,19.29337235,34.51531979,28.42661499,13.70663026,19.12167688,14.19665748,12.0241244,24.54521618,22.63826485,23.19931047,12.9516727,18.4411273,19.14539504,22.36574102,17.94113897,11.22939459,8.672875527,16.22724993,14.41523207,14.58609559,10.37684556,9.85601576,22.94407962,26.80103209,25.18871927,16.1383421,13.34454597,14.23198893,13.43084744,18.6027494,15.27426319,28.96695398,13.0309853,16.28308785,31.30017375,20.78153728,26.53455933,25.65232125,17.68012586,12.42918587,13.64949068,11.00732918,17.96928577,15.56689416,23.54873749,15.66804653,16.32966662,14.15212264,22.59386051,14.69066516,22.96493668,7.487213487,10.95515182,13.34655132,19.21097396,13.00090014
10.20411964,17.57456238,21.90062162,14.00771681,21.74375139,19.68997969,21.26356048,26.80687851,18.14464815,18.37678845,35.17214725,14.67118869,21.10278229,14.40191619,16.8172307,15.11033412,14.08486884,18.17414164,23.51448704,18.08190375,19.052599,19.71895012,36.66855063,28.59091811,15.89034017,19.92410439,15.32331884,12.69343119,26.91531414,25.29201592,25.24992203,15.26906891,19.1414435,19.66702342,22.6346287,19.45715231,14.21560783,9.666933832,20.57368687,16.83459366,15.23730338,11.17834544,10.41186639,24.14230035,27.82649244,36.73337803,17.1721525,14.31417139,15.46200796,14.35595619,20.57712178,15.98391127,30.78792678,14.27837587,17.24804185,32.80397108,22.26424886,27.58573639,28.39195918,31.05857582,13.29884729,14.58385472,11.65181609,20.03039195,16.10863468,26.89947779,17.36654063,20.10259343,14.66553367,24.04890134,15.93798579,24.55604179,16.36569426,12.04324246,14.91089914,22.48909583,13.66255971
11.31972715,19.1549148,43.57446308,14.23243474,22.18267298,27.97800651,22.44412035,27.54682901,19.62847303,19.14859919,36.24000507,15.3349055,22.01036734,15.02390401,18.54290821,16.05481082,14.80543473,19.22872183,25.41784238,23.61734185,19.4878163,22.36657545,37.2294744,31.23214521,16.4576898,26.85528185,16.62618495,13.29319866,32.96191185,25.81285287,27.71804134,17.71077085,19.54793051,20.29416285,25.12748637,21.50902143,14.77612079,10.61326171,20.88616099,17.53167539,15.79220025,11.89557066,11.57330063,24.54750714,44.18795271,58.20283108,19.55819067,14.7005918,16.6455721,15.17258005,21.32198726,18.50307289,64.1768952,15.51243237,18.04777334,34.34591399,22.85733349,28.50317454,29.24086107,31.79039565,14.70751812,15.86579706,11.92372451,23.09628739,18.62576526,32.43078725,18.37685712,20.75006583,15.62969863,24.96933078,19.94364183,25.17611841,18.34902444,12.70222539,16.83287794,24.50353295,15.18478264
11.78187086,19.62057081,44.44325361,15.13130643,28.10172585,30.52037618,23.20099448,29.26769793,20.22406019,20.34091968,37.29968954,15.95356502,22.61204023,18.17530037,20.39858552,16.94477884,15.39329246,19.95352548,26.37582155,32.40182698,20.41188933,23.04691647,37.66911582,31.51090857,17.22171447,34.1924793,20.57380806,32.18289493,35.43061242,29.00332641,28.41365909,20.04995605,38.91658727,23.0765944,25.93414941,22.93656127,15.4522078,12.27960809,25.10003078,19.06525522,17.85673142,12.51699086,12.15271407,31.73785505,48.20150669,59.44403924,21.37842084,18.67927299,18.18575891,16.5071013,22.52999946,19.2183464,65.08147291,16.34624843,19.12048115,40.26401666,24.70612656,32.45719001,33.65171277,32.46780216,15.78015804,17.09861749,12.23235049,23.53380402,19.37448598,35.97847983,18.88005738,26.42925357,18.05687546,27.07544839,22.72243435,29.50956174,19.00312559,13.4710388,18.18821495,26.31144502,15.79367181
13.48678733,24.01038351,46.22951015,16.98185852,29.13528963,31.8212491,23.74602574,31.83508739,21.41184764,22.66134292,45.73002598,16.48233907,23.46959328,18.91082821,21.50809955,17.5572358,16.22606901,20.61414824,28.98803922,32.77148214,21.62557824,24.80846164,40.55214459,31.67521169,18.60044503,41.58319106,21.44596534,34.04679552,37.38514725,29.39100272,29.59995339,20.77567114,39.40097597,24.05348466,27.18239323,27.5272262,16.03719029,14.08422428,29.59653341,19.41379608,19.01790052,13.37183033,12.6756347,33.48498309,59.54032517,61.10312808,21.96724192,19.54871892,28.80144158,18.86756459,23.38127429,19.7747015,67.15109798,17.65779551,21.83079926,42.22273083,29.00154202,43.55567925,34.14641084,36.44575819,16.93774446,17.67178411,12.76877971,23.99605392,24.13375495,36.2979046,23.79890951,27.63724646,18.8237439,28.55717039,28.0574642,30.95150717,20.2801667,13.89487465,19.32884185,27.88197322,16.68285297
14.15236852,24.86315285,50.88925805,18.62184992,32.44106755,35.83186874,24.36941274,33.32876121,24.01798051,23.8591868,47.09643287,17.18637834,26.6794553,23.34211264,24.06045882,18.71661684,16.62025166,22.23050002,31.81563995,34.18341697,25.39772592,26.04929798,40.9501645,34.49033137,20.3903421,42.39250513,23.34282,48.57913094,43.39285478,30.77573455,30.21426295,21.6718579,40.03777233,25.33498549,27.96041973,28.14826012,16.67881676,15.13218437,31.51028118,29.12958192,19.79468458,14.2892899,13.10015161,34.8282349,62.3401345,73.49341838,27.56140832,23.0767373,30.65076055,20.2898171,23.58786806,20.29683523,74.30804374,18.68025575,23.94364104,53.46583386,30.66810984,66.96507952,41.60682881,36.96150191,17.34370148,19.10318745,14.09193504,27.14055245,24.9489174,36.8764899,25.01203126,33.18084818,19.59061233,29.85170075,31.21628654,33.92370138,21.09177875,14.88334904,20.79158871,29.25044707,17.39322367
14.35432499,28.09134202,52.30337781,21.50767749,32.98801351,37.643193,25.46759319,34.54522876,25.52062133,25.35715712,48.33637458,18.03841936,27.60871282,24.73618548,24.82633832,19.85000248,18.35038502,23.9990612,32.16497708,45.09083166,25.78255798,26.90110179,42.06234584,38.92506618,21.7509477,45.06205076,29.32029427,51.06619677,45.56012886,32.24553643,30.97216844,22.04469163,40.48920263,25.90940385,29.25820612,31.61112058,17.69925516,16.63846588,32.57495864,30.11678907,24.8870708,15.12031873,14.66688556,36.57536294,63.22808617,78.13573944,28.3480373,31.28324423,31.9744291,21.22090037,24.52198258,22.22532663,77.71047422,19.77321165,24.19135096,54.34182872,36.15295653,75.33529484,41.99999011,38.81549807,18.09025642,20.2491715,14.42272387,29.21411895,25.74572741,37.35751031,33.94772612,34.16414162,20.35748077,30.13404107,32.01669838,35.04923503,22.52045842,16.07127559,21.44196635,29.81997209,18.34369967
15.61648557,29.71521899,57.49572787,21.80730138,35.04062166,39.34856943,26.13735832,35.60878413,27.72095713,25.93984162,49.29892923,19.26672695,30.29650195,25.65501501,32.15631777,20.39440868,18.65449693,31.08740054,32.61777959,46.70371104,34.72311928,27.37805357,42.95402415,40.67135138,23.40772277,46.2297528,30.22648116,52.45640169,46.96248915,33.39172494,33.19259333,22.69335219,41.02033234,32.62579142,30.95932402,35.01459276,18.35654551,16.91727091,33.70736486,42.938562,25.45949825,15.62793532,16.16679382,37.59887087,67.26008518,82.47798115,29.08027172,31.76626975,32.75624718,21.95461454,25.05402935,25.86169879,82.56692961,20.92300126,25.59276984,56.68310618,37.86578495,78.0666009,49.73298671,43.39384078,18.69919194,20.79277186,14.82518362,33.19692558,29.02109844,40.41276144,34.82881607,36.93373184,21.1243492,33.00092466,33.61561123,40.65757728,23.59812464,16.59483753,21.88037392,31.65776159,20.72049856
15.99131677,30.37312026,58.61712484,22.85134085,36.06031941,41.46957903,36.16054033,37.09760359,29.86666399,26.7491848,54.80871824,20.90772878,30.43249871,27.94696308,36.70815552,21.23442743,19.08606124,31.7724372,33.61575632,47.74007624,35.51896786,30.74791323,43.8899964,44.21008499,23.94036504,47.19021248,33.8491058,56.01794797,48.49672353,36.12464323,39.56710454,24.47003096,47.41546169,46.2447098,31.66723805,37.95320288,18.81147544,17.46410063,35.16833762,45.65864465,26.82008677,16.25901101,17.03591398,38.69474081,96.00706714,85.78423769,32.50576896,34.98206043,33.42200201,23.47654735,28.46859913,26.66050995,84.26314988,22.24668015,27.36996468,57.24532286,39.12104857,79.32710373,62.65437672,54.95811882,20.95265932,21.86728469,16.42620156,33.44322777,30.00251242,41.57248354,37.10821124,37.21698873,21.89121763,34.66052106,35.23475638,41.49219302,31.06677401,17.34344213,37.09114384,32.89255027,21.59618267
16.49607329,30.86932852,60.84406576,27.27371467,38.70263317,42.65191573,36.63723973,38.87384603,35.61167165,27.38597192,55.25242349,22.9812806,32.1700024,32.98057054,38.54545223,22.85655373,20.19548832,33.44932037,37.39914767,48.47702076,39.5052726,35.8657858,48.03827359,48.22739954,24.3698879,47.8335318,36.64253165,58.42101439,51.56100581,38.18047348,50.03332865,38.97097557,48.0981002,47.37107978,34.51173359,38.97935236,19.64826542,18.56596251,38.01560183,50.50496601,30.28470395,16.69678931,17.7483028,39.34528245,98.59434422,86.68152749,33.3426083,36.04471657,34.1617296,24.06026938,32.84920624,27.51951321,87.2562361,22.88769878,27.98923948,57.98362447,45.02743016,82.88380091,63.13460487,59.44380115,22.22827775,22.62622994,17.36564185,35.08920842,32.32473418,43.33557704,37.41736561,42.05554311,22.65808607,35.6727111,44.81081124,43.56624242,33.63146429,18.00275455,38.41929958,34.20105116,21.90062726
16.97410424,36.94391004,62.18018565,27.72315052,43.97216049,47.32696494,37.84137692,39.91171847,38.37134257,32.09190124,56.01615662,25.01130251,34.77287412,33.38431136,39.78509327,26.76300842,21.80178263,34.36672963,38.20075905,49.41143506,40.14004713,36.80810186,50.18024616,48.4425491,26.08697664,49.95243971,39.91905321,58.97696556,52.14854509,38.84271766,53.11901327,40.93857927,48.99696583,52.56007272,36.11894246,50.42997411,20.83719639,20.53814294,39.09020034,51.72458022,31.21790381,17.38636044,18.38662328,40.97685644,100,89.02704303,34.31564325,37.08148254,34.94354769,24.40962214,33.89904093,30.89580296,94.05476198,23.75288267,30.97216236,59.10338191,47.92894846,84.11008391,64.17322348,61.02099908,22.68152875,23.17204195,18.08190993,42.82360304,33.10240662,43.45707752,45.19939942,46.65524993,23.4249545,36.86658714,45.78645718,45.91465928,37.13051714,20.50282594,39.10277698,35.09268548,22.4294475
17.565904,39.09362599,66.0091754,28.37340928,48.50214198,52.75488665,38.37567838,44.93242004,40.44109576,33.14959739,66.58227206,25.31097168,39.98482121,33.65155916,41.2174444,27.77349436,23.05002769,34.79101568,39.17428444,52.70543216,41.58312769,39.45548409,50.52140608,49.83709069,27.6847492,50.8194287,41.2440854,61.27205348,53.16883409,45.6233203,59.40399121,45.44222037,51.53596162,54.74210442,37.07544316,52.8866006,21.49550277,21.23995982,39.68460424,54.83837463,32.61813293,17.7542067,19.38089674,41.22597827,,92.12435924,34.9590681,44.73888607,35.38117053,25.1433363,35.55583458,32.34866419,94.68693083,24.47773102,41.8623575,59.44779962,48.52203309,85.84424993,68.97525768,63.53216104,24.51046659,23.91957974,18.55582006,51.40914082,36.36550997,45.84201049,48.79084573,53.69098569,24.19182293,50.85796164,46.87753957,48.48316634,44.08088653,22.28899916,41.11649256,36.07406115,22.63241056
18.32579886,40.55297448,75.46941333,30.22471043,54.4977847,54.75503684,39.7338446,53.18030825,42.6970013,33.98602515,67.4059431,28.84796906,41.3272253,34.18534554,59.41442845,29.33689284,26.08240914,36.73022253,40.64491152,54.25325223,44.22378976,40.068812,56.48960088,51.361313,28.04493446,53.62512733,42.76767573,61.7440779,54.03929121,47.12636893,60.62627017,45.81029559,52.7076829,56.52311147,38.93513757,54.54997428,28.64720789,23.48860173,40.9916835,55.64294637,33.9706359,18.48586829,20.21418984,41.73773223,,93.1498333,35.26294538,46.47777793,36.86062571,25.78313506,37.30727936,33.00796467,96.48853288,25.85802503,42.75039757,60.27235946,52.22881205,87.06663447,70.54617141,64.9295584,25.51744296,24.62009086,20.57341141,53.16557803,37.91663477,46.81498636,49.98923112,61.21109762,24.95869137,53.23837287,48.78375842,49.14364252,45.13402159,23.05781257,42.44826517,38.55061718,24.21846538
18.80932752,44.93101996,75.98690674,32.98274841,61.94108461,56.61217638,41.49395461,56.30380361,44.10945106,34.48306382,68.4579611,29.14763823,45.87272379,37.03970677,60.98638309,31.66164339,28.51195392,37.64033278,41.62598362,55.04032198,45.64282824,41.06242104,57.22878071,52.59829754,28.42015958,55.10078765,48.89356909,63.95589304,64.26035933,48.74947048,63.9300047,47.57929395,53.9000781,59.07329468,39.77547879,57.18175683,30.58224766,24.05144574,41.92910587,56.6188608,34.43365816,18.97136161,23.13762035,44.1273162,,95.24064672,36.70304128,48.95299389,37.78676465,27.89570777,39.1698155,34.56480262,100,26.63631892,44.34131455,60.80553628,53.7795801,87.89180901,73.90949993,66.51451088,28.45839854,25.50405256,23.24872123,55.82477974,39.27775782,51.68909971,53.29666763,61.690856,25.7255598,58.56909926,49.82549651,49.86322746,48.36683084,24.09241577,42.98531444,39.57789942,25.25763623
19.29285617,49.97724531,76.32331839,33.43218425,62.31270876,63.52720363,42.05868069,57.67538475,44.7601062,34.92021029,68.96318824,30.43810961,46.32075578,45.88531878,62.94668354,33.80993827,29.79278475,38.44448164,42.19432623,56.90419721,46.41717383,43.46516899,58.63851036,56.0223479,31.63714613,56.31038292,49.58496353,65.83287313,68.66442506,50.15095591,65.11432841,48.45327432,58.15960258,60.41282314,43.59449049,67.73252773,31.07883505,25.00472617,43.33523943,60.21008649,35.02626369,20.2675416,23.84083513,45.57865044,,100,38.71543069,49.39438261,37.97502532,28.4794298,41.25932279,35.08234224,,29.88983005,55.72556713,61.17468708,60.6713718,89.16346578,79.59976452,69.04709644,30.59241307,26.33842673,23.689773,57.17555378,41.370525,52.63741097,54.45372938,72.29967656,26.49242824,59.4436484,51.15250987,51.09176456,51.59964008,25.12701896,49.24314413,41.03175296,25.94080988
19.77638483,59.27966156,84.10060495,33.95652607,63.99957313,63.75941361,43.4329416,58.41889134,45.56392307,35.72123511,71.15250586,31.0207233,57.20895645,47.25095826,64.89044781,35.9887199,32.23106724,40.46410337,43.40179959,58.20183467,49.57858905,44.0661801,59.26397021,56.28812089,31.76733729,66.11397254,52.52993045,67.04308967,70.77749525,52.20947715,75.97698353,55.00583127,62.40814093,61.53195689,47.57833034,92.86423507,34.34437341,27.08033553,43.88331904,60.66799949,39.17500324,20.60210921,26.52593358,46.70450917,,,40.5300122,56.37864177,38.3362343,29.35716157,41.60728138,37.19150372,,30.77720094,58.27214898,65.02000797,63.32616689,89.83703344,93.44525053,70.05663455,32.02544133,29.08727521,25.75565952,59.57842884,41.95937339,56.95408011,55.40025701,73.27108166,27.25929667,61.14093723,53.99334807,53.63796448,53.65268043,26.16162215,51.24447469,42.14397872,26.65118059
20.25991348,59.60311846,86.43814491,34.52169165,64.57425114,64.93121495,45.92281889,58.77252548,47.51827184,36.4855926,75.87290122,31.81930651,60.44806422,52.30474631,65.21290331,37.02057379,33.28222098,44.83136155,47.35302974,59.02986222,50.46870165,48.52072828,60.03339956,57.27137502,34.50644207,66.99968437,54.18189674,70.07121058,74.18936546,52.79307495,78.72672564,55.76827875,68.02095755,61.87653899,48.3114526,93.85320417,36.58388517,27.58888717,47.37232698,61.86725891,42.8475547,21.79039138,26.73452242,47.06478396,,,41.2234382,58.74005692,39.37281457,30.53267648,47.13487492,37.71926288,,32.1064539,59.58426844,65.30708425,64.74215646,90.4749735,96.46266143,74.28641651,32.49939614,29.79023079,27.79761898,61.40260149,43.94173149,57.56887255,55.97837568,77.6944284,28.0261651,65.09878382,56.82418253,57.03430261,55.84911915,27.04026605,52.91086188,43.48628255,26.95562517
20.74344214,61.58993633,87.63009902,46.12148101,66.72246958,65.58392057,47.22973622,64.98039913,48.44589759,37.11339589,77.68371032,34.22185294,62.17461082,53.71841947,69.05686538,40.74165817,42.30880663,45.47386265,57.90347911,63.41338093,52.23297812,51.25246437,63.78706845,58.02760426,39.1027762,72.97843646,55.1602639,70.63479145,75.6572772,53.49889583,79.26957994,57.15893353,74.8667182,63.9419641,55.11498309,94.24363385,36.89462272,29.30749485,50.16928286,62.23657281,45.24430846,22.95467542,28.11903083,48.62409829,,,44.03082498,61.57222874,40.11254216,30.96441486,64.83197431,38.17707918,,33.33723154,60.96141175,66.53758694,73.58593796,91.38753856,98.65231877,74.58490122,33.33597205,30.68292268,28.19776321,63.4571496,47.47030732,59.36695819,56.34616633,81.05450558,28.79303354,66.41491322,57.89199779,58.05642163,57.26586475,28.380198,55.07571847,44.82858638,27.92670192
21.22697079,62.55499051,89.86567351,67.16886129,68.35945979,73.84228631,47.82679286,66.26115867,54.92146541,38.88088108,78.64278021,35.09978281,63.38311288,54.81842301,70.23322373,41.59365386,42.90546777,50.9982646,60.71794856,64.15269124,53.91933603,52.02850366,66.54358375,58.6344721,39.93467304,73.34866071,55.60795631,75.79290801,77.73597419,54.10306669,80.8120367,58.79611271,76.11714017,64.26380379,59.08847077,96.24191739,39.43919916,30.99821421,51.05163166,64.27086644,46.28963255,23.41073354,28.6607824,48.93115067,,,44.8801123,62.51944178,41.37007905,33.19155181,67.17989672,39.83761257,,33.84764195,63.73799226,67.54192323,75.69183322,92.14199933,100,79.85629098,34.33513375,31.35701041,28.52855204,63.84632392,48.78795373,61.40136226,56.96447507,81.83776051,29.55990197,67.70944358,58.536059,60.92458441,58.44970638,28.96010298,57.69421729,45.94735465,28.42639697
21.71049945,66.53883397,93.45939839,70.62509785,70.59203596,75.84303081,48.40,68.55879273,58.85537631,39.55453517,83.80421973,35.87568464,63.98897524,56.73590179,77.44089906,45.54366104,43.66072174,52.09,62.06948858,65.33662277,54.51602409,56.16038415,76.52535444,59.51358024,40.92722638,74.41313611,56.0386027,76.59816887,81.74915499,54.90619727,81.26938459,63.8180144,81.83812029,64.76303433,59.55902421,100,40.33864466,33.257324,53.12099154,65.22461368,47.64914776,24.01209281,29.72304038,52.48630546,,,48.50802006,62.98942561,41.73994285,33.89937634,67.73960992,41.50695913,,34.29433302,64.75707088,68.28022484,80.00118617,93.03128191,,82.07291123,35.27817189,31.84345707,29.09298805,64.49332389,49.34755598,63.77305168,57.69799534,82.90702336,30.3267704,69.33755903,59.71818669,61.9815519,59.26908505,30.51376506,58.69280014,47.72451695,29.58308344
22.1940281,67.31128845,93.91452167,71.35198542,71.63097192,79.43504577,50.77,70.08108467,61.2064905,40.65715046,85.49762403,40.38263568,64.86771737,57.81417735,78.17993907,46.52631421,45.34683803,53.31,62.80167024,66.2649008,56.30267637,59.3322837,77.76143369,62.76195393,43.05810398,83.78710492,56.72493953,100,85.53130825,55.78380753,83.23551789,65.36770372,83.08764339,65.25365033,62.60135385,,40.91981701,33.96640591,53.56072075,65.92999069,48.85267649,29.22277947,31.12290325,53.34144634,,,51.1826632,63.52741943,42.2258699,37.31984697,68.58524507,42.31036439,,34.96267556,73.25376891,69.18255246,80.67463377,93.89760689,,83.49304653,35.64038704,32.86337705,30.03783122,66.1431457,50.09627671,64.33547741,58.8125999,83.48532723,31.09363884,71.88511572,60.88064411,66.89508349,60.19103997,32.06742713,60.06501584,48.3226109,30.75215065
22.67755676,69.32681552,98.30067461,72.01355499,79.46723951,81.36593278,52.67,71.88137311,66.02242985,41.35562654,86.99942977,41.03329352,65.28013883,60.24829223,79.95687873,49.84099937,46.10629661,57.31,63.40540691,68.74728303,57.67339263,61.73179038,78.77865885,63.99893847,43.66008384,87.19896415,57.69662564,,87.69902301,56.53442038,83.71265735,66.49889427,84.75873448,72.3104161,65.84454259,,41.52274946,34.76219938,54.32753225,68.43725428,54.09582579,34.56817436,31.56412658,53.96773084,,,51.94805738,71.62997927,43.80666776,38.0437084,68.77513256,43.62296488,,35.5960435,73.64750383,69.67475353,87.26365577,98.51576874,,100,38.69988207,33.68355009,30.66655052,71.24672565,55.27922209,67.19912228,60.04921738,84.37449646,31.86050727,75.37187749,62.00466017,67.56954017,69.28329229,32.52585959,61.03006051,49.28948401,32.02269939
23.16108541,73.75228433,100,72.56081803,79.94412933,81.85131538,53.48,72.84750269,66.47940627,42.13249484,88.13844009,43.66784681,66.21874209,61.33404685,81.24142186,50.47761436,52.08328817,60.78,64.09223285,69.54943472,66.6994898,64.77168952,79.67789955,66.43560901,44.97857785,88.49822815,59.02696519,,89.61576936,61.83628011,87.0678842,67.29865852,87.09298865,73.75655826,68.71868299,,42.40568438,35.55010288,55.78686453,68.92521149,58.13050917,36.37178345,32.13224146,54.73832996,,,58.98985123,72.54173823,48.33483621,39.44919029,69.28424812,47.11007562,,36.33914422,74.25005821,70.62913141,89.26828183,99.14287973,,,39.63469958,34.31992336,31.92211467,72.95594479,59.03185474,67.99725895,60.56447466,87.04888171,35.94495396,79.07491195,66.61593607,75.48846968,71.69283955,32.77528463,62.78665005,50.16181794,32.84165533
23.64461407,74.34745069,,73.28897901,82.67697157,82.42292579,59.25,73.71485179,67.82763095,45.5858122,93.73845277,44.7788527,67.10916641,61.85577645,81.62474321,50.99269067,52.58593675,61.32,64.77875692,70.55970226,71.9819248,79.07805527,80.87639435,67.68697774,48.01755421,90.61555788,59.90205714,,90.96579867,62.42907937,89.24624132,67.7995547,88.94664933,76.37869022,69.16429709,,43.62297968,36.66024532,57.7533423,69.83141775,60.32440895,39.06257324,32.61392717,55.51302311,,,60.01037681,73.58661903,51.77005716,40.54651224,70.81345695,48.53162195,,37.20257938,74.92506775,71.55151623,92.65123658,100,,,40.33132182,35.6855592,32.65304772,75.41343916,60.40465661,72.02232693,63.55090587,87.89079233,36.55947552,79.82918411,69.12620115,76.12170443,81.45737829,33.24546894,64.27383814,51.74902953,33.39472966
24.12814272,75.30683392,,74.22455463,85.67624488,82.74039108,60.11,75.45457368,69.48863925,48.64297598,100,45.71634984,69.84287862,64.29614538,82.19969344,52.38555391,53.33067917,62.85,65.39932276,71.62201725,77.04687016,81.30018386,81.21090165,69.01288779,48.55744646,90.95056025,60.71377282,,93.33578646,65.40279794,90.37033356,68.30045089,90.62463171,76.68998569,76.34588367,,45.12713569,37.44143063,58.06581642,70.38908314,63.16736992,70.11211624,33.00020279,56.31125695,,,61.01761756,74.00443611,52.76558255,40.88339186,71.29229905,48.75035745,,37.86228756,75.46953416,72.65896864,93.56458692,,,,40.8508453,36.71956391,37.48686493,78.51381129,62.06393323,72.50832886,74.71797393,88.42282011,37.64539224,80.92353518,70.04216184,77.44317078,81.9237545,34.50621311,64.80518812,52.7304052,46.29242308
24.61167138,76.37013734,,74.82252902,86.17600276,83.15591619,62.88,76.45440152,72.11352534,50.16756505,,46.45956604,71.39032522,65.84076673,83.91513124,54.24231928,54.94610538,63.66,66.40129924,77.85329422,77.76599037,82.60795228,82.00694147,69.87805776,49.33188334,91.64517008,65.51394715,,96.06933691,69.56376433,95.61715406,69.31226119,92.08728585,77.31023347,78.03685106,,45.84098535,38.37096303,60.60123146,72.7007456,63.86265462,70.54605109,33.92427066,57.35134571,,,61.65403388,74.48746162,54.0327359,41.45411666,73.36728146,50.78648209,,38.66823324,77.04918033,73.46728586,96.35846035,,,,41.90917524,37.88359037,39.15448169,99.34653566,62.32194697,74.10921921,76.83465085,94.07164837,38.06387462,81.99769893,71.65950856,80.66506096,83.34163667,35.50929495,65.38465332,55.38709818,46.6983492
25.88285268,77.633838,,75.96836571,86.78393021,84.00927975,63.88,77.50745793,72.54622919,54.16017835,,46.99414408,72.27656006,69.2767546,85.91619973,56.06145257,57.75334283,65.01,76.50392693,80.14108998,81.33199502,86.14287323,82.88804382,70.73358251,49.80698852,92.7640206,66.04899266,,97.41826451,71.0926812,96.47393168,70.27473321,93.07753615,78.09153892,79.09673906,,48.29352591,39.06449935,61.41882,74.2870248,69.2963507,70.95608156,34.4906473,58.06524249,,,62.08490154,75.93653818,54.89289114,42.02169698,74.28527497,52.93530286,,38.95557134,77.53456792,74.39865334,100,,,,42.69277376,41.25926711,41.47055483,100,71.4080739,74.71672163,77.82075024,95.84772707,39.10274612,83.38751915,72.91694533,86.88638679,83.78395529,36.19925008,66.95612527,56.80464082,47.51020143
27.01717483,82.94014736,,78.51089919,87.4446357,86.01331993,66.52,78.59014848,73.21620203,54.98981833,,47.49932032,73.26535644,69.95586704,86.47951104,56.7364482,58.90560442,72.19,78.91494935,85.67933746,88.46622603,88.73774701,83.66298858,75.25897116,50.27893148,92.99206611,69.0860581,,100,76.60391739,100,72.46031024,93.77665386,79.12528523,81.37683936,,48.81786977,40.4706329,62.20000531,76.98940157,75.02377363,71.34220764,34.96219327,61.34773477,,,63.10710079,76.2436458,55.65902701,43.12792831,75.45290482,54.02044844,,39.3927537,78.73385551,75.24843849,,,,,43.48763759,42.59789754,42.15539798,,71.95462334,74.95972259,79.09663032,96.19946473,40.4757539,85.0089996,73.53020849,92.53800693,90.17323357,38.00178804,68.38094988,57.56357134,49.01872436
27.38170624,83.21540117,,80.4004773,100,86.89796538,66.89,80.59144109,80.77882931,56.87222999,,49.03852322,74.27912852,71.17972656,87.57229808,57.80362044,59.69022499,84.7,80.02922086,87.33487504,89.10100056,89.97120949,84.17472847,77.27705064,51.31714428,93.51171432,70.56594066,,,78.34116904,,76.77194113,95.03975982,80.88051753,82.21845779,,49.34221364,41.52570178,64.58730761,77.87852932,82.03479357,72.26697914,35.64792908,66.66025268,,,66.52820462,86.10722007,56.0709813,43.87076149,83.52299027,56.15764332,,39.5985573,80.00138718,97.92081961,,,,,46.10798863,43.17991077,42.81697564,,72.2397241,75.34597262,79.65290208,100,41.4613983,85.77597707,74.1395376,94.14463452,95.02869862,39.12425562,68.70975555,58.66740088,50.08387448
28.11063444,84.28501352,,80.80609315,,88.98542393,67.22,81.03160693,82.21630426,60.93804485,,49.30321572,76.18082736,72.15793732,89.00802005,58.94387921,61.23699772,85.92,80.84320883,88.95610863,94.22252021,91.13133839,84.84823501,78.34677716,56.49108599,94.57475503,71.39620092,,,80.80958896,,76.99141714,95.93862545,82.16284537,84.37829808,,49.8665575,42.03675321,65.58378759,79.11696474,82.80270501,72.51342864,36.42357054,71.64258694,,,67.76107818,87.6334841,56.84998842,44.73381898,83.72958404,57.98037662,,39.90447565,81.17503678,98.65912122,,,,,46.8844829,45.27143351,43.93184427,,72.9134648,77.21635105,80.13240051,,43.16026492,86.6458676,76.55740856,95.68660225,96.86323167,40.70328854,69.34599454,60.51554935,50.59128213
30.04780085,88.55304254,,81.2981505,,90.80301538,68.18,81.73650447,87.48370069,63.71564517,,50.14326691,77.76654318,72.99585105,91.51649484,59.69869839,62.2237026,86.43,83.34290508,90.08133892,97.46193336,92.50466134,85.4921175,79.08271243,57.03498887,95.47488558,71.90083831,,,83.64025097,,77.98636394,100,82.82644158,84.80952669,,50.39090137,42.64857754,66.19818984,80.57421411,83.77361353,73.54459808,37.27385976,74.50400806,,,68.49331261,88.26103085,57.49510485,46.04685289,84.58426397,58.82419123,,51.22728018,82.20551006,100,,,,,47.77474663,46.70888979,47.49796841,,73.36187285,77.42144386,84.9704603,,44.17996209,88.07154504,76.82762202,98.91352953,100,41.50417246,70.99396861,62.23644611,51.03100159
30.66322952,89.51809672,,82.15559918,,91.3118459,71.44,83.41136992,88.61353506,65.15871431,,50.88640675,78.62264604,73.40210639,92.55407649,60.73048423,71.78184355,86.86,84.35710723,92.10837993,100,93.56811959,87.94272607,83.78885125,58.71960696,96.17580809,72.52080178,,,84.95822888,,79.02956373,,83.26922958,93.3908753,,50.91524523,43.31899077,68.22583442,81.73882857,89.26090313,74.21195219,39.83959905,75.50755758,,,75.07411258,89.5699334,58.22617763,48.03217861,90.44177972,59.37407708,,53.3605115,83.7445318,,,,,,48.64247975,47.22455351,47.88609397,,83.68124459,94.80318137,85.24138258,,45.33251746,88.86957995,77.2321554,100,,42.9950115,72.65575251,63.22087495,52.21143474
32.50069675,90.40893232,,88.77436598,,92.74097998,72.63,84.70731342,89.84955403,65.84381447,,51.49735308,82.11980928,75.4606559,95.48212503,62.05829093,72.75212415,94.54,86.63334543,92.47241633,,94.56950766,88.36894853,84.34637797,60.02167282,97.3257916,73.44022588,,,86.899475,,79.49197439,,83.67466488,95.61477807,,51.4395891,63.90462977,69.16325679,84.26449512,90.10723713,77.28568081,41.19156374,81.3700063,,,81.9513629,89.73300282,58.53087142,48.66107646,92.63179065,61.56461979,,54.10547024,84.96388389,,,,,,49.69258905,48.42291875,48.61702702,,85.36790266,98.37408055,93.29031966,,46.21223155,89.13540336,90.39798037,,,44.35712921,73.09416008,64.02189558,52.80053501
33.97423843,92.0370625,,89.11661137,,93.82606727,75.43914512,87.97045617,91.16472538,69.21454715,,52.43927957,83.08661093,81.84223676,96.64894327,63.70069636,73.36553806,95.00477581,88.53405943,94.43683776,,95.77614868,89.59121081,85.28631227,60.57390546,97.79350368,74.06262449,,,87.76979354,,80.28247206,,89.8519882,96.72857805,,51.96393296,70.69680167,70.68625567,86.70748777,94.46577134,78.10649168,41.78961498,86.77177411,,,83.44072772,98.48088475,59.35840467,49.03516587,94.88059274,62.34083547,,54.38144161,86.76225793,,,,,,54.31410518,65.30537652,50.0355598,,91.73737754,99.17950724,94.01703853,,47.71243953,90.62601907,92.93106297,,,45.40040901,73.86137333,67.82876085,54.31646609
35.10081891,92.74288331,,90.32589342,,94.17854235,75.79209892,88.99822477,93.8033471,70.08577893,,52.86915668,89.1531301,83.21967511,97.4996025,64.39222833,74.91704098,97.62379677,89.78447355,99.25950679,,96.42018756,90.40084016,90.4558673,63.74245597,98.36738354,75.26970814,,,97.56456642,,80.84815082,,91.06388345,97.34775916,,52.48827683,77.23251043,71.31120392,87.61369403,100,80.78406375,42.75530405,87.76529326,,,83.85914739,99.22715917,60.50180161,49.4177454,96.52828839,64.26473277,,55.95693754,88.29421994,,,,,,55.13423984,71.43607108,52.11765497,,92.31297684,100,95.04312188,,48.50036829,92.19046678,93.89816639,,,47.15769681,74.08057712,70.62971606,55.6751008
36.82673886,93.27942621,,91.04386719,,94.55565395,76.22630268,90.1179439,97.44103242,71.37678845,,53.92342093,94.91301202,84.65359334,98.33506115,66.16862574,78.46632728,100,90.90085814,100,,98.45164887,94.20767314,92.74713487,64.99068686,99.32755628,76.39961637,,,100,,81.56167743,,92.15924104,97.87645956,,53.01262069,78.09181427,72.47891971,93.90771474,,81.29824232,43.35016851,88.07234563,,,86.78065813,100,61.00415061,50.35417431,99.53674687,65.77469212,,58.01956391,90.60027545,,,,,,55.55227407,71.8061151,52.96127676,,94.14282321,,95.73366969,,49.1457993,93.78766596,98.04050279,,,48.11607765,75.50540173,71.99928032,56.68991608
37.93157535,97.81845583,,92.17045304,,94.90456321,77.08998063,90.67275154,98.71355431,72.54914487,,54.58408302,97.36933273,88.14535185,99.03746717,67.6600265,79.16481894,,91.83476331,,,100,96.74237763,93.24890892,65.68005214,100,77.34251779,,,,,82.40660582,,92.71305339,98.39621944,,53.53696456,80.22944975,73.85068112,98.29779611,,81.76695571,44.76596525,88.43763561,,,87.34709376,,63.42705435,53.17425711,100,69.19176624,,58.77184546,93.66035997,,,,,,57.62123399,72.86340033,53.7202166,,96.05618791,,96.38557321,,49.79468798,94.45173039,100,,,50.66216801,76.54618131,73.6394862,58.01069818
40.45980101,98.38151043,,96.50488724,,96.25984178,78.85474963,91.72609018,100,74.02588674,,55.04229276,98.93039512,89.23039726,100,71.1286425,82.23629016,,92.52679648,,,,97.6562882,94.93180333,66.59686631,,77.98795664,,,,,82.91743645,,93.19546833,99.29900982,,54.06130842,80.58723262,74.20377687,99.18838773,,82.10714788,45.24880979,92.61825611,,,89.74997333,,63.87969366,53.37162623,,72.99483867,,59.11929614,94.40348974,,,,,,59.97213105,76.54963933,54.22400799,,96.85083881,,97.5981797,,50.27959946,96.21113409,,,,52.51731478,77.47308452,75.42024687,60.49090675
43.57787419,99.14935727,,99.24075304,,96.8720268,79.74200489,93.46383646,,74.63146337,,56.1604009,100,96.54015648,,73.48666987,82.86507719,,92.95280817,,,,100,95.37782471,67.27096035,,81.81806829,,,,,83.80502449,,95.91008612,100,,54.58565229,81.21108721,75.25806457,100,,83.07785329,46.4578525,94.56721991,,,98.52308317,,65.03137555,54.16015932,,73.64532597,,59.6133122,95.77320175,,,,,,60.67301583,89.63061948,55.31561114,,100,,100,,51.47783793,96.9755705,,,,54.41617408,78.41226314,77.31855454,61.55849243
44.1562775,100,,100,,97.49550357,80.75321753,94.58412005,,75.43907633,,57.44965039,,98.15157367,,77.95018819,83.63255082,,98.29331188,,,,,97.21766289,68.28310407,,82.44246497,,,,,85.59981901,,97.73630234,,,55.10999615,82.27787386,75.81965868,,,83.65530818,46.90486997,95.04100173,,,98.89129248,,66.06211197,54.65300561,,73.95706859,,60.37838133,100,,,,,,62.93389193,90.40260183,55.52323626,,,,,,52.02917851,100,,,,56.04210462,78.7980618,78.43012605,62.32660612
44.87874309,,,,,97.84538533,81.86473963,95.64265172,,76.91907899,,58.44243816,,100,,79.83240455,84.85905014,,98.75230269,,,,,97.66368427,68.88963445,,85.8527323,,,,,85.91546709,,100,,,55.63434002,82.57113083,76.21025134,,,84.78781345,47.23069346,96.62784842,,,99.6235269,,66.40453187,55.49436612,,74.42585448,,64.29017979,,,,,,,64.58085953,93.56072202,57.74161643,,,,,,53.44566906,,,,,57.4473857,79.76431209,79.11959698,63.29950954
45.67344178,,,,,98.48847405,83.37877025,100,,77.4898516,,59.69159429,,,,81.90931418,85.30611896,,100,,,,,98.50471333,69.399447,,86.34594323,,,,,87.42199585,,,,,56.15868388,83.71791086,77.14767371,,,85.68136864,47.58114202,98.3540969,,,100,,69.04291825,56.48215502,,74.98839755,,65.32138368,,,,,,,66.68391984,95.02192444,58.29293115,,,,,,54.89862228,,,,,58.25211369,80.91469356,80.26497143,64.6193783
47.98517011,,,,,99.26754987,87.59261508,,,78.03034538,,60.6260367,,,,82.79315763,85.77263413,,,,,,,100,70.53252658,,86.86881301,,,,,88.29914856,,,,,56.68302775,86.9775628,78.45170634,,,87.27780642,47.96741765,100,,,,,70.80997952,56.74063204,,79.29025816,,69.19722389,,,,,,,91.72872735,97.34054875,58.62548419,,,,,,55.57925861,,,,,59.80467746,81.63466839,81.26401186,65.63338174
48.96869809,,,,,100,88.96207582,,,79.54275637,,61.07019468,,,,84.74920908,86.25826716,,,,,,,,71.4469498,,87.65449135,,,,,88.80004475,,,,,57.20737161,88.07122223,78.842299,,,87.97262714,48.82350101,,,,,,71.09987876,57.39699177,,82.26048557,,69.74370184,,,,,,,93.78276834,98.44846913,60.37590843,,,,,,63.03880654,,,,,61.15614161,82.22816264,82.78896061,67.11602688
50.0882101,,,,,,92.00009036,,,80.69967392,,66.15800294,,,,85.26265217,87.01811992,,,,,,,,71.92745391,,88.4872492,,,,,90.69760647,,,,,57.73171548,88.69617047,79.21718983,,,88.5100539,49.74756888,,,,,,73.8793312,59.11671296,,82.68886212,,70.68025575,,,,,,,95.89425226,100,62.18896202,,,,,,63.56269535,,,,,61.9900845,83.591939,84.23321848,68.39236006
51.08486525,,,,,,92.3932103,,,89.37539096,,66.63645028,,,,86.6323101,88.17116987,,,,,,,,72.30267902,,97.74099526,,,,,91.63945826,,,,,58.25605934,94.14837521,79.52966395,,,89.17572065,50.38193003,,,,,,75.64284177,60.54777003,,84.13984821,,70.92846604,,,,,,,96.6021398,,63.35289766,,,,,,64.08658415,,,,,69.30435566,85.21349901,85.70833515,69.38738645
52.36668293,,,,,,92.55789854,,,89.90956279,,67.77189403,,,,88.31779167,96.20132748,,,,,,,,73.45357505,,98.58418054,,,,,92.14127276,,,,,58.78040321,94.93698178,80.1546122,,,89.65765175,51.12753856,,,,,,83.39777594,62.5578324,,91.72067861,,72.39958468,,,,,,,97.25674548,,66.18841952,,,,,,65.28796596,,,,,71.34083256,89.0982285,86.45548916,75.47272633
56.29675573,,,,,,93.52372132,,,90.87256272,,68.19657809,,,,89.555295,96.9119074,,,,,,,,74.2358018,,100,,,,,93.01967771,,,,,59.30474707,96.07032543,80.78901278,,,90.12430279,51.41724528,,,,,,84.87619549,64.05387558,,94.52120553,,73.49254058,,,,,,,99.24573187,,67.07052308,,,,,,66.50087332,,,,,71.93369753,89.92243474,88.50580102,75.94248433
58.85130305,,,,,,94.13800211,,,91.57143808,,68.7957637,,,,93.61949137,98.16731345,,,,,,,,80.22744889,,,,,,,95.03177769,,,,,59.82909094,96.73191126,81.84330048,,,90.50583548,51.8035209,,,,,,85.94103336,64.32943766,,95.88255976,,73.82042735,,,,,,,100,,67.93112535,,,,,,67.71178991,,,,,72.91459362,91.50146921,89.95322109,76.75433656
61.10594501,,,,,,94.98509123,,,92.14320889,,69.15240362,,,,93.93694824,99.19803539,,,,,,,,81.3400897,,,,,,,95.95359364,,,,,60.3534348,97.44927373,84.04194653,,,91.05891727,52.28636544,,,,,,89.91344447,64.82249358,,96.39419268,,75.3184327,,,,,,,,,68.42355966,,,,,,69.34307487,,,,,73.82552768,93.34354823,90.60747154,77.56618879
61.5708488,,,,,,95.97336187,,,95.05629866,,69.73043521,,,,95.74873204,100,,,,,,,,82.18849181,,,,,,,100,,,,,60.87777867,98.57121207,85.40659914,,,91.7722053,52.6613425,,,,,,90.78306823,65.399717,,97.87058697,,76.69337122,,,,,,,,,69.12439094,,,,,,70.52140557,,,,,74.86737969,94.91710261,92.3356741,78.17507796
62.13605762,,,,,,96.79193232,,,98.165369,,70.55093612,,,,97.53935206,,,,,,,,,82.50617984,,,,,,,,,,,,61.40212253,99.04695392,86.81374824,,,92.09411765,53.2088882,,,,,,91.514141,66.71987841,,98.52688721,,77.77397672,,,,,,,,,71.82208412,,,,,,71.27266212,,,,,75.97611846,96.02704098,93.39032582,78.84779902
63.46876833,,,,,,99.2940924,,,100,,71.01823369,,,,98.87845519,,,,,,,,,84.04942328,,,,,,,,,,,,61.9264664,100,87.37323315,,,92.88446215,53.69173274,,,,,,92.75836281,67.98081862,,100,,79.43406744,,,,,,,,,73.42045576,,,,,,72.16851198,,,,,76.32878415,98.29382733,94.58978497,81.02650596
64.07389722,,,,,,100,,,,,71.48553126,,,,100,,,,,,,,,85.29109833,,,,,,,,,,,,62.45081026,,88.2076953,,,93.43426295,54.5192317,,,,,,93.04559903,68.45689429,,,,80.21017542,,,,,,,,,74.70314459,,,,,,73.34558535,,,,,77.85861302,99.42217882,95.41621233,81.5339136
66.12086062,,,,,,,,,,,71.83629082,,,,,,,,,,,,,87.37161169,,,,,,,,,,,,62.97515413,,88.65140856,,,94.08164987,54.71236951,,,,,,93.36612299,69.41072271,,,,82.28580797,,,,,,,,,75.69551109,,,,,,74.2885852,,,,,80.90761718,100,97.15978977,82.54872889
66.68956648,,,,,,,,,,,72.03706306,,,,,,,,,,,,,87.94991342,,,,,,,,,,,,63.49949799,,91.20447838,,,94.4421842,55.84531593,,,,,,94.2263522,70.20407735,,,,83.37876387,,,,,,,,,76.57761464,,,,,,75.40499224,,,,,82.06490103,,98.94414882,83.19374549
67.25827234,,,,,,,,,,,74.6298429,,,,,,,,,,,,,88.71247267,,,,,,,,,,,,64.02384186,,94.05736712,,,95.01963909,56.98357363,,,,,,94.52224324,70.84544835,,,,83.97617356,,,,,,,,,77.88301763,,,,,,76.46335241,,,,,83.11466083,,99.64986697,84.61915504
67.8269782,,,,,,,,,,,75.11409423,,,,,,,,,,,,,89.82141136,,,,,,,,,,,,64.54818572,,94.7604339,,,95.4317319,57.7712862,,,,,,96.27613735,72.93265552,,,,85.4373463,,,,,,,,,78.49707197,,,,,,77.2059124,,,,,84.71555002,,100,85.73545186
68.39568407,,,,,,,,,,,75.78544787,,,,,,,,,,,,,91.07673797,,,,,,,,,,,,65.07252959,,95.96689649,,,96.00918678,58.26774695,,,,,,96.8304892,73.10958545,,,,86.93731898,,,,,,,,,79.90358608,,,,,,78.11768848,,,,,85.51149156,,,86.55958336
68.96438993,,,,,,,,,,,76.3433946,,,,,,,,,,,,,91.64570728,,,,,,,,,,,,65.59687345,,97.58035663,,,96.58664167,59.0732282,,,,,,97.68628005,75.16503328,,,,87.48379693,,,,,,,,,88.766301,,,,,,79.11517276,,,,,88.10294192,,,87.44369044
69.53309579,,,,,,,,,,,77.85189745,,,,,,,,,,,,,93.05374627,,,,,,,,,,,,66.12121732,,98.17796339,,,97.04823061,59.63960484,,,,,,98.65229031,76.75352445,,,,88.14459807,,,,,,,,,89.31761572,,,,,,79.95779552,,,,,89.11349224,,,87.90238695
70.10180165,,,,,,,,,,,78.45955994,,,,,,,,,,,,,94.12026486,,,,,,,,,,,,66.64556118,,98.64667457,,,97.71258495,60.45039738,,,,,,100,77.37414182,,,,90.09716378,,,,,,,,,89.86893044,,,,,,80.80083738,,,,,90.30910692,,,88.61275765
70.67050751,,,,,,,,,,,78.91761694,,,,,,,,,,,,,99.52219536,,,,,,,,,,,,67.16990505,,100,,,98.40215608,61.19629562,,,,,,,78.21267229,,,,90.54199683,,,,,,,,,91.06892206,,,,,,81.53428171,,,,,91.18127083,,,89.5733818
71.23921337,,,,,,,,,,,79.43104096,,,,,,,,,,,,,100,,,,,,,,,,,,67.69424891,,,,,98.6668854,62.43315017,,,,,,,79.3695299,,,,92.50177605,,,,,,,,,91.8980994,,,,,,82.3725038,,,,,91.96776695,,,90.44906591
71.80791923,,,,,,,,,,,80.63979827,,,,,,,,,,,,,,,,,,,,,,,,,68.21859278,,,,,99.4501992,62.99479494,,,,,,,80.11645092,,,,93.08902126,,,,,,,,,92.78020295,,,,,,83.31319854,,,,,92.95624134,,,91.11488622
72.37662509,,,,,,,,,,,81.20156341,,,,,,,,,,,,,,,,,,,,,,,,,68.74293664,,,,,100,63.35808716,,,,,,,82.61862586,,,,94.05989398,,,,,,,,,93.22125473,,,,,,84.6957411,,,,,93.80654897,,,91.68612575
72.94533095,,,,,,,,,,,81.6714575,,,,,,,,,,,,,,,,,,,,,,,,,69.26728051,,,,,,64.22179947,,,,,,,83.20224307,,,,96.71993005,,,,,,,,,94.43414711,,,,,,86.36935628,,,,,94.35570141,,,92.70094104
73.51403681,,,,,,,,,,,82.13890781,,,,,,,,,,,,,,,,,,,,,,,,,69.79162437,,,,,,67.83907757,,,,,,,84.12944814,,,,97.62511613,,,,,,,,,95.43334991,,,,,,87.20757837,,,,,95.64577032,,,93.06312861
74.08274267,,,,,,,,,,,83.41150901,,,,,,,,,,,,,,,,,,,,,,,,,70.31596824,,,,,,68.12878429,,,,,,,85.23515539,,,,98.17159408,,,,,,,,,96.50532625,,,,,,87.62668941,,,,,96.63424471,,,94.75086792
74.65144853,,,,,,,,,,,84.16098741,,,,,,,,,,,,,,,,,,,,,,,,,70.8403121,,,,,,69.24598998,,,,,,,85.96258058,,,,99.53975627,,,,,,,,,96.93799804,,,,,,88.88402254,,,,,97.89729531,,,95.563532
75.2201544,,,,,,,,,,,84.60056329,,,,,,,,,,,,,,,,,,,,,,,,,71.36465597,,,,,,70.36532017,,,,,,,86.94334678,,,,100,,,,,,,,,97.28852394,,,,,,89.82702239,,,,,99.21526117,,,96.88279188
75.78886026,,,,,,,,,,,86.5727744,,,,,,,,,,,,,,,,,,,,,,,,,71.88899983,,,,,,70.80654351,,,,,,,88.50144122,,,,,,,,,,,,,98.54066994,,,,,,91.12270419,,,,,99.65458312,,,97.97727017
76.35756612,,,,,,,,,,,88.32603762,,,,,,,,,,,,,,,,,,,,,,,,,72.4133437,,,,,,73.22810541,,,,,,,89.06902154,,,,,,,,,,,,,98.79791338,,,,,,91.96092628,,,,,100,,,98.97666026
76.92627198,,,,,,,,,,,88.65426853,,,,,,,,,,,,,,,,,,,,,,,,,72.93768756,,,,,,74.40421813,,,,,,,89.60557623,,,,,,,,,,,,,99.16541978,,,,,,92.57230451,,,,,,,,99.37487378
80.31947718,,,,,,,,,,,90.23020458,,,,,,,,,,,,,,,,,,,,,,,,,73.46203143,,,,,,74.99512327,,,,,,,90.49462816,,,,,,,,,,,,,100,,,,,,93.94091163,,,,,,,,100
80.7855927,,,,,,,,,,,90.77264854,,,,,,,,,,,,,,,,,,,,,,,,,73.98637529,,,,,,76.57972246,,,,,,,93.01650857,,,,,,,,,,,,,,,,,,,95.00733968,,,,,,,,
81.56467342,,,,,,,,,,,91.29012008,,,,,,,,,,,,,,,,,,,,,,,,,74.51071916,,,,,,77.43580582,,,,,,,93.79183481,,,,,,,,,,,,,,,,,,,95.51708349,,,,,,,,
82.88230471,,,,,,,,,,,92.25442249,,,,,,,,,,,,,,,,,,,,,,,,,75.03506302,,,,,,78.01521926,,,,,,,94.4890729,,,,,,,,,,,,,,,,,,,96.24424115,,,,,,,,
83.83028835,,,,,,,,,,,92.73432083,,,,,,,,,,,,,,,,,,,,,,,,,75.55940689,,,,,,78.69120161,,,,,,,95.43849903,,,,,,,,,,,,,,,,,,,97.13097534,,,,,,,,
84.40586428,,,,,,,,,,,93.75406661,,,,,,,,,,,,,,,,,,,,,,,,,76.08375075,,,,,,80.38782073,,,,,,,95.69362193,,,,,,,,,,,,,,,,,,,97.96835921,,,,,,,,
84.67513956,,,,,,,,,,,94.2439692,,,,,,,,,,,,,,,,,,,,,,,,,76.60809462,,,,,,81.02826572,,,,,,,100,,,,,,,,,,,,,,,,,,,99.08969081,,,,,,,,
86.67343146,,,,,,,,,,,94.90478402,,,,,,,,,,,,,,,,,,,,,,,,,77.13243848,,,,,,81.81259838,,,,,,,,,,,,,,,,,,,,,,,,,,99.52127041,,,,,,,,
87.94575719,,,,,,,,,,,95.35405867,,,,,,,,,,,,,,,,,,,,,,,,,77.65678235,,,,,,82.35618476,,,,,,,,,,,,,,,,,,,,,,,,,,100,,,,,,,,
88.9569532,,,,,,,,,,,96.51195469,,,,,,,,,,,,,,,,,,,,,,,,,78.18112621,,,,,,82.85052099,,,,,,,,,,,,,,,,,,,,,,,,,,,,,,,,,,
91.09802832,,,,,,,,,,,97.3399397,,,,,,,,,,,,,,,,,,,,,,,,,78.70547008,,,,,,83.87724161,,,,,,,,,,,,,,,,,,,,,,,,,,,,,,,,,,
93.20827142,,,,,,,,,,,98.12790772,,,,,,,,,,,,,,,,,,,,,,,,,79.22981394,,,,,,84.55322395,,,,,,,,,,,,,,,,,,,,,,,,,,,,,,,,,,
95.17943383,,,,,,,,,,,98.56374156,,,,,,,,,,,,,,,,,,,,,,,,,79.75415781,,,,,,85.29207266,,,,,,,,,,,,,,,,,,,,,,,,,,,,,,,,,,
96.23054991,,,,,,,,,,,98.86341073,,,,,,,,,,,,,,,,,,,,,,,,,80.27850167,,,,,,86.15211534,,,,,,,,,,,,,,,,,,,,,,,,,,,,,,,,,,
97.15301972,,,,,,,,,,,99.55072535,,,,,,,,,,,,,,,,,,,,,,,,,80.80284554,,,,,,86.405995,,,,,,,,,,,,,,,,,,,,,,,,,,,,,,,,,,
97.9344566,,,,,,,,,,,100,,,,,,,,,,,,,,,,,,,,,,,,,81.3271894,,,,,,87.89547382,,,,,,,,,,,,,,,,,,,,,,,,,,,,,,,,,,
100,,,,,,,,,,,,,,,,,,,,,,,,,,,,,,,,,,,,81.85153327,,,,,,88.08861163,,,,,,,,,,,,,,,,,,,,,,,,,,,,,,,,,,
,,,,,,,,,,,,,,,,,,,,,,,,,,,,,,,,,,,,82.37587713,,,,,,88.6263073,,,,,,,,,,,,,,,,,,,,,,,,,,,,,,,,,,
,,,,,,,,,,,,,,,,,,,,,,,,,,,,,,,,,,,,82.900221,,,,,,89.88962174,,,,,,,,,,,,,,,,,,,,,,,,,,,,,,,,,,
,,,,,,,,,,,,,,,,,,,,,,,,,,,,,,,,,,,,83.42456486,,,,,,90.63629253,,,,,,,,,,,,,,,,,,,,,,,,,,,,,,,,,,
,,,,,,,,,,,,,,,,,,,,,,,,,,,,,,,,,,,,84.75870425,,,,,,91.43568994,,,,,,,,,,,,,,,,,,,,,,,,,,,,,,,,,,
,,,,,,,,,,,,,,,,,,,,,,,,,,,,,,,,,,,,85.09738278,,,,,,93.12873601,,,,,,,,,,,,,,,,,,,,,,,,,,,,,,,,,,
,,,,,,,,,,,,,,,,,,,,,,,,,,,,,,,,,,,,87.07374132,,,,,,93.86690873,,,,,,,,,,,,,,,,,,,,,,,,,,,,,,,,,,
,,,,,,,,,,,,,,,,,,,,,,,,,,,,,,,,,,,,89.3547412,,,,,,95.51978214,,,,,,,,,,,,,,,,,,,,,,,,,,,,,,,,,,
,,,,,,,,,,,,,,,,,,,,,,,,,,,,,,,,,,,,90.02006988,,,,,,96.32671193,,,,,,,,,,,,,,,,,,,,,,,,,,,,,,,,,,
,,,,,,,,,,,,,,,,,,,,,,,,,,,,,,,,,,,,90.68539855,,,,,,98.10589746,,,,,,,,,,,,,,,,,,,,,,,,,,,,,,,,,,
,,,,,,,,,,,,,,,,,,,,,,,,,,,,,,,,,,,,91.35072723,,,,,,98.588742,,,,,,,,,,,,,,,,,,,,,,,,,,,,,,,,,,
,,,,,,,,,,,,,,,,,,,,,,,,,,,,,,,,,,,,92.0160559,,,,,,100,,,,,,,,,,,,,,,,,,,,,,,,,,,,,,,,,,
,,,,,,,,,,,,,,,,,,,,,,,,,,,,,,,,,,,,92.68138458,,,,,,,,,,,,,,,,,,,,,,,,,,,,,,,,,,,,,,,,
,,,,,,,,,,,,,,,,,,,,,,,,,,,,,,,,,,,,93.34671325,,,,,,,,,,,,,,,,,,,,,,,,,,,,,,,,,,,,,,,,
,,,,,,,,,,,,,,,,,,,,,,,,,,,,,,,,,,,,94.01204193,,,,,,,,,,,,,,,,,,,,,,,,,,,,,,,,,,,,,,,,
,,,,,,,,,,,,,,,,,,,,,,,,,,,,,,,,,,,,94.6773706,,,,,,,,,,,,,,,,,,,,,,,,,,,,,,,,,,,,,,,,
,,,,,,,,,,,,,,,,,,,,,,,,,,,,,,,,,,,,95.34269928,,,,,,,,,,,,,,,,,,,,,,,,,,,,,,,,,,,,,,,,
,,,,,,,,,,,,,,,,,,,,,,,,,,,,,,,,,,,,96.00802795,,,,,,,,,,,,,,,,,,,,,,,,,,,,,,,,,,,,,,,,
,,,,,,,,,,,,,,,,,,,,,,,,,,,,,,,,,,,,96.67335663,,,,,,,,,,,,,,,,,,,,,,,,,,,,,,,,,,,,,,,,
,,,,,,,,,,,,,,,,,,,,,,,,,,,,,,,,,,,,97.3386853,,,,,,,,,,,,,,,,,,,,,,,,,,,,,,,,,,,,,,,,
,,,,,,,,,,,,,,,,,,,,,,,,,,,,,,,,,,,,98.00401398,,,,,,,,,,,,,,,,,,,,,,,,,,,,,,,,,,,,,,,,
,,,,,,,,,,,,,,,,,,,,,,,,,,,,,,,,,,,,98.66934265,,,,,,,,,,,,,,,,,,,,,,,,,,,,,,,,,,,,,,,,
,,,,,,,,,,,,,,,,,,,,,,,,,,,,,,,,,,,,99.33467133,,,,,,,,,,,,,,,,,,,,,,,,,,,,,,,,,,,,,,,,
,,,,,,,,,,,,,,,,,,,,,,,,,,,,,,,,,,,,100,,,,,,,,,,,,,,,,,,,,,,,,,,,,,,,,,,,,,,,,
